YEARDUM,FMERCODE,PROD,AREA,LABOR,NPK,OTHER,PRICE,AREAP,LABORP,NPKP,OTHERP,AGE,EDYRS,HHSIZE,NADULT,BANRAT
1,1,7.87,2.5,161,207.5,52.86,5,3821.77,66.23,14.07,44.78,37,10,7,4,1
1,2,10.35,3.8,184,303.5,284.44,5,3029.27,80.43,15.24,10.53,35,6,5,2,0.93
1,3,9.98,3.4,170,252,77.62,5,3413.69,70.4,13.81,41.5,48,10,5,5,0.58
1,4,4.83,1.4,68,88,14.3,5,4438.46,68.51,9.89,61.18,37,6,3,2,0.36
1,5,8.74,3.6,130,149.8,82.68,5,2527.75,81.9,13.07,31.52,48,6,4,4,0.72
1,6,1.84,0.5,34,21,5.99,5,4937.49,51.75,13.82,54.25,49,10,3,3,1
1,7,7.36,1.75,91,243,37.43,5,6173.49,87.98,16.56,47.46,25,10,3,2,1
1,8,6.67,1.7,114,154.6,34.92,5,5493.56,47.75,11.87,41.22,52,6,8,8,1
1,9,9.2,3,211,166.4,55.46,5,3663.17,45.54,15.39,41.89,54,10,6,4,0.5
1,10,9.29,3.4,192,253.8,67.53,5,3044.59,53.61,13.04,31.87,62,6,4,2,0.93
1,11,0.83,0.55,36,40.2,28.72,5,1238.5,54.03,12.17,25.04,31,6,5,2,0
1,12,0.92,0.2,13,16.8,1.46,5,7187.55,61.02,13.81,99.93,39,6,5,2,0.2
1,13,3.91,1.25,80,66,10.11,5,3782.47,47.07,24.7,40.33,47,10,7,2,1
1,14,7.45,3,155,135,212.68,5,2618.7,45.55,17.17,8.38,51,10,11,9,0.83
1,15,0.92,0.3,15,31.5,22.28,5,3663.17,54.48,10.16,26.58,50,6,5,5,1
1,16,1.15,0.6,34,44,14.09,5,1760.48,59.12,13.18,33.31,45,6,5,4,0.67
1,17,10.81,4.05,279,286.6,127.16,5,2933.66,42.28,14.5,30.64,50,6,5,5,1
1,18,21.07,5.5,306,462,156.92,5,5278.72,52.19,14.55,52.47,48,6,5,4,1
1,19,13.57,4,229,218,150.47,5,4317.67,57.25,14.4,34.13,25,10,4,4,0.25
1,20,12.24,3.5,237,260.5,164.35,5,4538.68,59.47,18.48,22.82,60,6,4,4,1
1,21,5.11,3,103,144.5,57.24,5,1477.32,94.81,20.14,30.25,53,6,4,4,0.71
1,22,5.43,1.38,86,100.5,17.01,5,5519.94,50.25,12.99,40.48,74,6,2,2,1
1,23,9.66,5.5,200,423.5,362.8,5,1545.67,58.36,12.83,12.32,60,6,5,4,0.55
1,24,7.22,2.7,122,190.5,64.68,5,2942.25,89.24,16.35,33,50,6,8,5,0
1,25,12.47,4.5,194,490.5,100.85,5,3113.56,69.17,14.16,33.91,33,11,3,3,0.58
1,26,3.17,1.1,61,80.9,35.13,5,3314.51,49.15,12.55,29.44,32,6,4,2,1
1,27,5.06,2.5,117,274.5,15.9,5,1911.2,74.4,14.08,98.27,49,6,7,6,0.8
1,28,5.52,1.4,78,128.8,16.86,5,5538.91,94.54,13.22,40.58,48,6,7,7,0.79
1,29,4.14,2,84,63,26.54,5,1977.49,84.97,15.71,50.29,45,6,4,3,0.25
1,30,2.69,2.5,30,65,39.66,5,771.22,83,13.38,37.04,41,6,2,2,0.4
1,31,3.82,0.75,39,44,23.43,5,8561.44,69.75,13.18,31.18,34,6,6,3,1
1,32,1.15,0.81,25,67,34.16,5,1134.74,44.74,12.99,27.61,36,10,5,2,0.51
1,33,5.06,1.6,102,110.5,25.48,5,3850.38,48.58,15,40.55,52,6,6,6,0.81
1,34,0.69,1,29,21,19.9,5,430.64,49.51,6.9,34.92,54,6,4,2,0.5
1,35,12.65,3,191,306.5,113.43,5,6200.65,55.5,15.48,29.57,43,6,6,4,0.67
1,36,2.07,1.1,101,125.5,23.12,5,1712.73,40.61,12.71,37.25,37,6,5,4,0.36
1,37,5.06,1,58,145,22.15,5,8464.93,102.05,13,30.72,46,10,4,3,1
1,38,17.02,4.6,246,249,68.45,5,4982.09,49.47,12.81,40.67,32,10,9,9,0.54
1,39,1.38,0.8,46,33.5,12.05,5,1505.08,31.07,12.99,40.67,70,6,3,3,1
1,40,3.96,1.75,113,167.5,35.12,5,2266.47,50.22,15.43,38.54,50,6,10,8,0.86
1,41,4.14,1.3,80,79.5,22.04,5,3894.21,59.57,12.77,40.68,60,6,2,2,1
1,42,8.6,2.3,76,109,67.26,5,5069.89,87.75,13.3,32.43,45,10,10,6,0.72
1,43,1.79,1.5,87,94.5,46.16,5,888.93,36.46,13.81,24.94,39,6,8,4,0.48
2,1,7.18,2.5,138,295.5,56.42,4.5,2966.81,59.01,13.86,31.24,38,10,7,4,1
2,2,10.21,3.8,151,206,352.22,4.5,2668.08,55.82,17.23,9.36,36,6,5,2,0.93
2,3,10.44,4.3,147,444,84.09,4.5,2275.16,99.75,13.06,49.49,49,10,5,5,0.58
2,4,3.13,1.4,88,52.5,40.58,4.5,2002.25,59.85,13.81,29.74,38,6,3,2,0.36
2,5,9.19,3.6,152,204,48.91,4.5,2461.03,77.19,12.79,46.04,49,6,4,4,0.72
2,6,0.97,0.5,17,21,16.94,4.5,1613.5,74.67,13.82,46.88,50,10,3,3,1
2,7,7.82,1.75,88,218,45.54,4.5,6157.11,88.78,14.95,62.18,26,10,3,2,1
2,8,5.84,1.7,82,158.3,26.87,4.5,3966.68,60.62,14.04,37.99,53,6,8,8,1
2,9,9.89,3,160,178.5,52.49,4.5,3707.89,58.11,14.82,46.82,55,10,6,4,0.5
2,10,8.56,3.4,152,318.5,73.77,4.5,2408.06,56.73,11.76,36.94,63,6,4,2,0.93
2,11,1.1,0.55,49,71.8,3.49,4.5,1689.32,41.88,13.13,44.57,32,6,5,2,0
2,12,0.92,0.2,26,16.8,1.48,4.5,6468.79,45.22,13.11,87,40,6,5,2,0.2
2,13,2.85,1.25,80,70.5,11.27,4.5,2063.72,53.73,15.25,46.59,48,10,7,2,1
2,14,6.3,3,123,156.7,146.28,4.5,1819.14,55.83,12.95,12.88,52,10,11,9,0.83
2,15,0.92,0.3,16,31.5,11.89,4.5,3296.85,48.96,14.76,31.22,51,6,5,5,1
2,16,2.12,0.6,28,42,17.19,4.5,4154.7,73.46,25.21,30.57,46,6,5,4,0.67
2,17,5.98,4.05,280,337,100,4.5,1080.23,50.82,14.66,46.87,51,6,5,5,1
2,18,18.12,5.5,286,506,128.56,4.5,3704,61.25,14.55,39.17,49,6,5,4,1
2,19,15.32,4,208,218,154.55,4.5,4748.97,70.69,13.95,28.37,26,10,4,4,0.25
2,20,13.11,3.5,197,316.6,72.57,4.5,4576.27,59.31,14.42,34.83,61,6,4,4,1
2,21,5.84,3.5,129,312,59.78,4.5,1289.92,109.02,13.01,53.53,54,6,4,4,0.71
2,22,4.28,1.38,95,100.5,14.63,4.5,3357.54,45.82,12.99,46.65,75,6,2,2,1
2,23,12.88,5.5,204,599.5,271.8,4.5,2150.94,69.8,14.4,20.8,61,6,5,4,0.55
2,24,5.93,2.7,92,192.5,61.34,4.5,1948.25,92.03,16.18,29.4,51,6,8,5,0
2,25,13.75,4.5,152,423.5,100,4.5,3277.57,112.56,14.35,36.43,34,11,3,3,0.58
2,26,2.53,1.1,70,67,41.43,4.5,2091.76,49.53,12.99,29.16,33,6,4,2,1
2,27,5.98,2.5,68,155.2,20.44,4.5,2222.96,137.74,13.47,72.37,50,6,7,6,0.8
2,28,6.39,1.4,75,157,15.17,4.5,6383.36,201.63,12.93,46.63,49,6,7,7,0.79
2,29,2.81,2,54,67,37.63,4.5,1006.18,57.96,13.88,66.42,46,6,4,3,0.25
2,30,3.17,1.75,42,75.5,55.52,4.5,1456.26,55.42,13.44,38.24,42,6,2,2,0.4
2,31,1.79,0.75,45,44,8.5,4.5,2215.25,43.01,13.18,46.77,35,6,6,3,1
2,32,2.3,0.81,31,67,20.61,4.5,2913.31,58.94,12.99,30.35,37,10,5,2,0.51
2,33,5.06,1.6,102,120.5,28.79,4.5,3465.34,81.07,13.73,47.52,53,6,6,6,0.81
2,34,0.64,1,22,21,30.11,4.5,352.58,55.04,7.14,26.96,55,6,4,2,0.5
2,35,7.54,2,89,157.5,71.02,4.5,4625.71,85.6,14.95,28.62,44,6,6,4,1
2,36,3.08,1.1,79,102.4,29.74,4.5,2848.89,60.22,12.74,33.14,38,6,5,4,0.36
2,37,5.29,1,74,144.5,20.88,4.5,8227.53,94.34,13.04,33.68,47,10,4,3,1
2,38,13.71,4.6,236,262,76.45,4.5,3148.63,46.02,13.28,46.87,33,10,9,9,0.54
2,39,0.92,0.8,30,33.5,6.96,4.5,760.22,42.09,12.99,46.8,71,6,3,3,1
2,40,3.36,1.75,99,167.5,58.38,4.5,1588.57,47.13,13.7,39.42,51,6,10,8,0.86
2,41,5.06,1.3,70,67,29.38,4.5,4878.61,76.41,12.98,46.85,61,6,2,2,1
2,42,7.64,2.3,85,132,45.72,4.5,3754.08,80.81,14.09,31.35,46,10,10,6,0.72
2,43,1.75,1.5,90,115.5,36.82,4.5,775.44,39.41,14.29,23.11,40,6,8,4,0.48
3,1,8.92,2.5,140,362.5,248.36,5.25,4925.88,71.88,12.5,9.86,39,10,7,4,1
3,2,13.29,3.8,185,374.5,187.6,5.25,4766.12,80.52,15.68,17.31,37,6,5,2,0.93
3,3,10.4,4.3,198,283.5,496.62,5.25,2638.51,63.11,16.52,10.08,50,10,5,5,0.58
3,4,5.84,1.4,54,52.5,147.75,5.25,6393.28,114.9,16.25,6.45,39,6,3,2,0.36
3,5,9.84,3.6,152,198.8,74.22,5.25,3198.65,87.16,16.31,24.98,50,6,4,4,0.72
3,6,1.7,0.5,25,47.5,5.67,5.25,4550,60.49,10.71,49.83,51,10,3,3,1
3,7,7.59,1.75,82,309,61.92,5.25,6828.38,86.07,10.75,31.09,27,10,3,2,1
3,8,4.55,1.7,102,191.8,139.63,5.25,3093.75,56.4,11.89,10.73,54,6,8,8,1
3,9,9.89,3,141,253,185.62,5.25,4325.87,87.73,12.22,15.34,56,10,6,4,0.5
3,10,12.19,3.4,175,283,270.53,5.25,4965.38,59.81,13.65,8.49,64,6,4,2,0.93
3,11,1.38,0.6,33,55.5,5.95,5.25,2440.38,48.42,14.91,49.82,33,6,5,2,0
3,12,0.92,0.2,15,37,3.44,5.25,7546.93,62.13,9.06,21.34,41,6,5,2,0.2
3,13,3.96,1.25,82,73.5,12.25,5.25,4054.32,67.98,16.53,49.6,49,10,7,2,1
3,14,6.39,3,96,121.5,48.86,5.25,2168.76,74.75,14.39,27.67,53,10,11,9,0.83
3,15,0.83,0.3,21,30.3,73.36,5.25,3260.89,48.43,14.08,5.03,52,6,5,5,1
3,16,2.35,0.6,27,132,57.09,5.25,5751.37,61.76,10.25,9.18,47,6,5,4,0.67
3,17,16.47,4.05,250,536.5,494.96,5.25,6125.36,67.49,11.61,9.07,52,6,5,5,1
3,18,21.85,5.5,335,549,765.05,5.25,5889.82,62.73,16.05,7.64,50,6,5,4,0.96
3,19,15.87,4,215,564,373.63,5.25,5876.84,64.12,10.32,13.48,27,10,4,4,0.25
3,20,14.63,3.5,186,526,268.66,5.25,6415.45,69.52,9.02,12.9,62,6,4,4,1
3,21,10.35,3.5,144,132,173.94,5.25,3627.34,105.64,14.55,10.52,55,6,4,4,0.71
3,22,5.93,1.38,105,100.5,16.99,5.25,6721.98,57.61,13.94,49.94,76,6,2,2,1
3,23,16.56,5.5,209,615.5,712.6,5.25,3734.08,70.87,11.09,8.05,62,6,5,4,0.55
3,24,10.07,2.7,142,234,319.46,5.25,5300.93,76.96,17.38,10.89,52,6,8,5,0
3,25,14.9,4.5,185,427,201.87,5.25,4356.88,85.24,12,17.43,35,11,3,3,0.58
3,26,4.32,1.1,74,105,22.11,5.25,5777.45,75.71,14.6,46.09,34,6,4,2,1
3,27,8.92,2.5,105,332.5,70.34,5.25,4925.88,83.3,10.72,12.2,51,6,7,6,0.8
3,28,6.53,1.4,94,123.5,16.65,5.25,7727.96,76.51,15.36,49.85,50,6,7,7,0.79
3,29,3.04,2,42,42,156.86,5.25,1314,86.6,18.63,9.24,47,6,4,3,0.25
3,30,0.87,0.4,29,10.5,79.88,5.25,2239.24,53.86,16.53,8.94,43,6,2,2,1
3,31,2.81,0.75,35,42,11.98,5.25,5341.23,110.86,16.53,41.79,36,6,6,3,1
3,32,2.81,0.81,32,54.5,86.39,5.25,4702.96,87.67,14.93,11,38,10,5,2,0.51
3,33,4.55,1.6,80,102,25.44,5.25,3406.99,45.28,13.04,57.05,54,6,6,6,0.81
3,34,1.15,1,31,23,8.49,5.25,886.92,48.64,15.28,49.97,56,6,4,2,0.5
3,35,6.95,2,122,105,343.4,5.25,4716.05,62.24,16.51,7.24,45,6,6,4,0.67
3,36,2.94,1.1,69,67,75.26,5.25,3086.9,46.19,15.74,11.27,39,6,5,4,0.36
3,37,5.52,1,51,194.5,18.69,5.25,10336.07,120.11,11.92,49.61,48,10,4,3,1
3,38,16.24,4.6,219,375.5,84.57,5.25,4840.6,74.33,13.27,56.45,34,10,9,9,0.54
3,39,1.38,0.8,27,21,5.64,5.25,1580.33,40.37,16.53,50.05,72,6,3,3,1
3,40,4,1.75,78,151,171.87,5.25,2417,68.8,17.28,10,52,6,10,8,0.86
3,41,5.06,1.3,73,68.5,92.35,5.25,5691.71,58.27,10.77,10.81,62,6,2,2,1
3,42,7.54,2.3,83,161,113.92,5.25,4286.52,89.7,13.52,18.58,47,10,10,6,0.72
3,43,2.71,1,66,70.3,25.47,5.25,3155.4,49.69,15.84,37.99,41,6,8,4,0.43
4,1,7.31,2.5,127,338,249.03,6.25,4240.79,61.05,15.22,10.53,40,10,7,4,1
4,2,18.58,3.8,262,421,207.84,6.25,9974.43,68.91,16.27,26.15,38,6,5,3,0.93
4,3,8.92,4.3,189,287,97.62,6.25,2479.89,69.17,14.37,32.32,51,10,5,5,0.58
4,4,4.88,1.4,75,71,40.03,6.25,5642.86,74.8,20.97,24.03,40,6,3,2,0.36
4,5,10.95,3.6,163,218,89.62,6.25,4518.82,80.68,21.88,25.46,51,6,4,4,0.72
4,6,1.24,0.5,30,31,4.19,6.25,3266.5,62.88,19.75,54.06,52,10,3,3,1
4,7,7.64,1.75,84,178,240.7,6.25,8220,89.31,14.95,7.68,28,10,3,2,1
4,8,6.35,1.7,114,195,73.01,6.25,6326.57,61.67,19.46,19.49,55,6,8,8,1
4,9,8.97,3,211,183,111.56,6.25,4395.71,58.66,21.17,18.59,57,10,6,5,0.5
4,10,11.22,3.15,147,253,62.68,6.25,5847.61,67.74,17.27,33.59,65,6,4,2,1
4,11,3.04,1.55,58,43,7.36,6.25,2278.09,78.57,17.08,59.34,34,6,5,2,0
4,12,1.29,0.2,11,24.8,23.98,6.25,16177.49,83.34,15.59,14.09,42,6,5,2,0.2
4,13,3.45,1.25,111,81,7.4,6.25,3867.14,50.79,21.08,51.33,50,10,7,2,1
4,14,5.98,1.8,114,111,53.82,6.25,5215.24,64.95,10.57,13.9,54,10,11,10,1
4,15,1.01,0.3,20,20,16.47,6.25,5329.9,51.59,21.91,8.66,53,6,5,5,1
4,16,1.84,0.6,27,31,12.26,6.25,4578.96,62.19,19.75,10.88,48,6,5,5,0.67
4,17,17.99,3.55,200,467,224,6.25,10608.63,90.96,14.99,13.81,53,6,5,5,1
4,18,20.24,5.5,304,569.6,636.93,6.25,6171.87,63.44,17.12,9.7,51,6,5,4,1
4,19,6.21,4,206,352,275.32,6.25,1612.87,60.04,15.67,26.52,28,10,4,3,0.25
4,20,12.42,3.5,175,437.3,340.19,6.25,5811.53,62.01,15.77,12.16,63,6,4,4,1
4,21,4.46,3.5,112,106,67.65,6.25,1217.48,85.2,18,49.39,56,6,4,4,0.71
4,22,6.44,1.38,120,99.5,7.86,6.25,9207.98,97.36,15.93,55.29,77,6,2,2,1
4,23,8.28,5.5,178,532,514.85,6.25,1542.75,54.11,16.49,18.35,63,6,5,4,0.55
4,24,6.55,2.7,129,82,293.28,6.25,3155.93,98.6,30.57,7.63,53,6,8,5,0
4,25,14.86,4.5,174,346.3,109.16,6.25,5164.03,104.75,20.95,30.39,36,11,2,2,0.58
4,26,3.17,1.1,71,123,155.64,6.25,4143.14,61.19,16.82,9.56,35,6,4,2,1
4,27,3.73,1.3,55,154,12.73,6.25,4114.21,81.49,20.17,42.5,52,6,7,6,0.62
4,28,5.66,1.3,91,191,12.66,6.25,8182.15,81.02,14.31,39.85,51,6,7,7,0.62
4,29,6.9,2,80,126,85.15,6.25,5548.08,86.19,18.62,15.34,48,6,4,3,0.25
4,30,1.2,0.4,26,20,23.47,6.25,4419.41,64.49,21.91,9.23,44,6,2,2,1
4,31,2.53,0.75,72,56,4.95,6.25,5347.2,55.58,14.5,57.44,37,6,6,3,1
4,32,3.53,0.81,72,69.3,70.78,6.25,8195.46,52.25,12.78,6.37,39,10,5,2,0.51
4,33,2.3,0.6,51,41,41.05,6.25,6605.36,59.75,12.57,11.65,55,6,6,6,1
4,34,1.66,1,63,10,5.67,6.25,1778.09,54.25,21.91,52.49,57,6,4,2,0.5
4,35,6.49,2,121,111,163.86,6.25,5018.84,70.91,21.31,13.11,46,6,6,5,1
4,36,4.83,2.1,104,165,98.54,6.25,2905.22,64.59,16.09,17.45,40,6,5,4,0.19
4,37,5.75,1,59,264,5.68,6.25,13214.29,161.8,15.62,55.18,49,10,4,3,1
4,38,12.17,4.6,139,193,151.87,6.25,3616.17,98.59,16.93,52.11,35,10,9,9,0.54
4,39,1.84,0.8,34,20,4.53,6.25,2905.22,105.44,21.91,59.06,73,6,3,3,1
4,40,4.46,1.75,99,151.5,59.94,6.25,3409.25,67.36,18.38,16.85,53,6,10,8,0.86
4,41,3.68,1.3,62,30,83.84,6.25,4026.4,78.45,21.91,13.53,63,6,2,2,1
4,42,5.11,2.3,60,114.9,150.78,6.25,2754.2,128.8,12.87,8.15,48,10,10,6,0.72
4,43,3.31,2,67,68,14.28,6.25,1770.25,71.51,18.86,44.65,42,6,8,5,0.52
5,1,7.54,2.5,145,337.5,225.94,6.25,4457.46,80.92,15.02,11.54,41,10,7,4,1
5,2,17.07,3.8,174,595.7,250.45,6.25,8628.3,103.92,13.31,18.51,39,6,5,3,0.93
5,3,7.36,4.3,215,294,552.7,6.25,1859.9,56.6,13.28,14.2,52,10,5,5,0.58
5,4,4.46,1.4,74,69.8,28.36,6.25,4870.49,89.78,18.62,26.52,41,6,3,2,0.36
5,5,8,3.6,145,221.3,144.25,6.25,2755.12,86.98,18.09,18.18,52,6,4,4,0.72
5,6,1.56,0.5,37,28.5,2.82,6.25,4708.51,47.83,18,57.47,53,10,4,4,1
5,7,6.58,1.75,93,240,230.37,6.25,6396.28,74.33,14.34,6.97,29,10,3,2,1
5,8,5.84,1.7,100,172.5,56.06,6.25,5509.27,65.35,16.17,26.78,56,6,4,4,1
5,9,8.42,3,136,210,175.24,6.25,3971.82,79.13,17.95,26.47,58,10,6,5,0.5
5,10,5.7,2.7,142,283.5,113.18,6.25,2547,70.31,14.36,17.78,66,6,4,2,0.91
5,11,1.98,1.55,50,43.5,8.38,6.25,1221.68,51.23,15.9,60.69,35,6,6,3,0
5,12,0.78,0.2,18,26.4,2.89,6.25,6798.24,101.69,13.18,17.54,43,6,5,2,0.2
5,13,3.04,1.25,85,147,6.76,6.25,3168.26,57.64,16.92,51.38,51,10,7,4,1
5,14,5.29,1.8,83,97.5,75.79,6.25,4275.51,83.07,15.33,13.18,55,10,7,6,1
5,15,1.01,0.3,21,21,56.09,6.25,5329.9,53.8,18.59,3.4,54,6,5,5,1
5,16,2.21,0.6,27,42,8.21,6.25,6181.14,76.8,17.66,37.53,49,6,5,5,0.67
5,17,19.92,3.55,216,414,502.13,6.25,12661.93,73.51,14.4,7.91,54,6,5,5,1
5,18,21.07,5.5,381,557.3,826.16,6.25,6598.4,47.14,15.56,9.36,52,6,5,4,1
5,19,12.93,4,199,306,208.88,6.25,4987.39,80.87,14.58,31.84,29,10,5,3,0.25
5,20,12.93,3.5,212,331.5,532.1,6.25,6211.66,47.55,13.73,8.73,64,6,3,3,1
5,21,7.87,3.5,156,126,31.06,6.25,2805.56,54.53,17.88,94.12,57,6,3,3,0.71
5,22,3.13,1.38,86,131.3,26.21,6.25,2843.25,39.29,17.54,50.54,78,6,2,2,1
5,23,15.18,5.5,224,540,445.1,6.25,3867.14,79.05,16.21,27.01,64,6,3,2,0.55
5,24,3.91,2.7,139.7,202.8,198.05,6.25,1459.13,69.31,15.34,12.98,54,6,6,3,0.52
5,25,8.6,4.5,220,577.5,265.75,6.25,2191.03,57.01,17.87,12.68,37,11,2,2,0.58
5,26,4.09,1.1,46,121.5,124.25,6.25,6278.49,101.78,16.11,11.89,36,6,4,2,1
5,27,2.76,1.3,54,87,12.71,6.25,2569.05,105.96,16.15,55.31,53,6,7,7,0.62
5,28,5.29,1.3,78,144,8.34,6.25,7299.82,75.32,14.87,54.92,52,6,5,5,0.62
5,29,3.17,2,90,73.5,31.39,6.25,1662.09,48.82,19.12,46.34,49,6,4,3,0.25
5,30,1.06,0.4,20,21,16.92,6.25,3625.57,67.2,18.06,11.36,45,6,2,2,1
5,31,2.35,0.75,32,31.5,3.54,6.25,4741.17,83.52,20.18,51.96,38,6,6,3,1
5,32,2.38,0.81,36,67.2,16,6.25,4274.07,74.57,13.24,17.26,40,10,5,2,0.51
5,33,5.15,1.4,52,132,150.55,6.25,6167.9,105.54,11.51,7.96,56,6,6,6,1
5,34,0.6,1,18,10.5,13.38,6.25,451.88,74.48,21.26,17.64,58,6,3,1,0.5
5,35,5.61,2,135,261,302.01,6.25,3968.06,55.69,16.15,8.25,47,6,6,5,1
5,36,4.83,2.1,120,133.5,96.11,6.25,2905.22,65.35,16.75,17.13,41,6,5,4,0.19
5,37,3.17,1,60,63,5.64,6.25,4831.52,68.07,19.12,62.76,50,10,4,3,1
5,38,9.89,4.6,193,379.5,100.95,6.25,2619,49.71,16.02,71.84,36,10,4,2,0.54
5,39,1.61,0.4,22,21,4.51,6.25,7167.07,71.26,19.12,53.31,74,6,3,3,1
5,40,4.83,1.75,124,150,187.45,6.25,3867.14,70.07,18,7.42,54,6,14,7,0.86
5,41,2.3,1.3,50,31.5,84.6,6.25,1953.07,38.28,32.4,14.04,64,6,2,2,1
5,42,3.59,1.65,62,99.8,158.84,6.25,2667.19,110.9,20.17,13.35,49,10,10,6,0.72
5,43,5.61,2,96,94.5,168.88,6.25,3968.06,84.12,19.65,9.91,43,6,8,5,0.48
6,1,4.51,2.5,123,207.2,291.96,9,2894.78,33.31,13.91,8.47,42,10,7,4,1
6,2,16.61,4.25,244,234.8,226,9,9824.04,38.59,26.75,20.64,40,6,4,2,0.84
6,3,10.17,2.8,119,361.8,219.41,9,8696.82,37.74,11.7,11.36,53,10,5,5,0.58
6,4,4.37,1.4,84,116.5,150.67,9,6785.29,42.25,11.91,7.59,42,6,3,2,0.36
6,5,8.92,3.4,180,146.6,146.72,9,5138.66,28.38,24.91,25.28,53,6,4,4,0.71
6,6,1.47,0.5,18,35.7,37.08,9,6160.47,53.91,17.79,10.14,54,10,4,4,1
6,7,13.06,3.75,211,555,271.27,9,8114.02,27.08,11,16,30,10,3,2,0.47
6,8,4.91,1.7,89,299.5,97.12,9,5987.42,22.96,11.32,16.34,57,6,4,4,1
6,9,7.82,3,200,189,257.47,9,5086.65,38.7,13.23,18.8,59,10,6,6,1
6,10,10.58,2.7,132,290.1,153.73,9,9867.3,42.24,12.93,19.01,67,6,4,2,0.91
6,11,4,1.55,61,95.6,22.59,9,5006.86,56.52,12.78,89.41,36,6,7,4,0
6,12,1.17,0.25,17,11.6,38.19,9,13324.33,59.15,12.17,9.76,44,6,5,2,0.2
6,13,3.5,1.25,87,69.4,106.08,9,5697.77,41.82,18.52,14.88,52,10,7,4,1
6,14,5.2,1.6,89,130,55.23,9,7245.29,34.59,13.2,24.67,56,10,7,6,1
6,15,0.97,0.3,16,22.3,69.08,9,7184.85,27.39,15.11,3.56,55,6,5,5,1
6,16,2.3,0.6,38,23.8,11.07,9,9511.72,42.97,13.84,59.66,50,6,5,5,0.67
6,17,19.73,3.55,232,609.3,373.61,9,17930.77,36.05,12.36,15.98,55,6,6,6,1
6,18,26.54,7,437,845.1,885.23,9,9339.11,39.68,11.24,9.11,53,6,4,3,1
6,19,16,4,217,378.6,355.44,9,10213.28,40.66,12.96,17.44,30,10,5,3,0.25
6,20,12.37,3.5,224,428.1,541.5,9,8313.1,43.74,11.66,10.39,65,6,2,2,1
6,21,14.16,3.5,180,260,79.85,9,10409.9,40.62,11.16,58.49,58,6,4,3,0.71
6,22,3.68,1.38,110,140.5,92.86,9,5272.85,44.64,12.69,14.64,79,6,2,2,1
6,23,18,5.5,274,745,323.52,9,7328.08,27.51,12.22,17.47,65,6,3,3,0.55
6,24,8.6,2.7,178,272.4,221.35,9,7011.61,37.31,11.74,10.57,54,6,3,3,0.52
6,25,12.05,4.5,234,707.8,232.95,9,5307.67,32.99,13,43.49,38,11,2,2,0.58
6,26,4.14,1.1,48,131.4,87.65,9,9225.46,48.26,12.53,14.6,37,6,4,2,1
6,27,5.11,1.3,64,202.9,22.09,9,9918.95,39.27,11.13,83.36,54,6,6,6,0.62
6,28,5.38,1.3,91,172.4,111.39,9,10814.36,34.96,12.39,16.1,53,6,5,5,0.62
6,29,2.66,1.5,201,179.5,62.64,9,2822.08,59.64,13.01,26.74,50,6,4,4,0.25
6,30,0.95,0.4,16,22.3,50,9,4396.88,70.39,13.36,12.5,46,6,2,2,1
6,31,3.13,0.75,31,69.8,11.29,9,10968.35,93.39,12.8,95.86,39,6,6,4,1
6,32,1.51,0.61,50,70.6,10.55,9,4690.15,27.21,12.54,87.64,41,10,5,2,0.51
6,33,2.54,0.6,29,91.3,8.47,9,11235.77,34.83,12.17,82.63,57,6,6,6,1
6,34,2,1,46,73.1,14.11,9,3378.64,26.29,11.64,105.08,59,6,3,1,0.5
6,35,7.77,2.4,152,256,204.23,9,7199.94,38.01,13.2,18.02,48,6,6,6,0.92
6,36,4.83,2.1,92,118,93.91,9,4183.51,36.72,14.08,29.07,42,6,5,4,0.19
6,37,3.91,1,61,121.4,11.29,9,9831.46,28.41,12.27,98.52,51,10,4,4,1
6,38,2.9,0.6,37,69.7,63.29,9,14081.04,37.41,11.92,12.83,37,10,4,2,1
6,39,1.53,0.4,20,31.9,9.36,9,9477.27,27.29,15.48,38.55,75,6,3,3,1
6,40,5.11,1.75,158,149,265.79,9,6093.34,30.62,16.04,8.66,55,6,3,3,0.86
6,41,4.6,1.3,73,22.7,83.2,9,8329.31,37.55,29,18.44,65,6,2,2,1
6,42,7.22,2.3,126,237,100.63,9,6847.77,38.78,14.95,27.14,50,10,10,7,0.72
6,43,7.78,1.75,97,129.4,92.62,9,12207.34,57.36,15.26,24.54,44,6,8,6,0.48
7,1,4.37,2.25,124,345,283.14,8,2873.38,48.93,10.93,8.07,43,10,7,4,1
7,2,12.28,4.25,160,479,338.29,8,5325.62,72.44,14.74,13.3,41,6,4,2,0.84
7,3,5.43,4.3,163,250.5,449.42,8,1538.75,74.82,13.11,10.19,54,10,5,5,0.58
7,4,4.14,1.4,64,134.2,26.42,8,5527.37,86.5,10.6,35.58,43,6,3,2,0.36
7,5,9.2,3.4,148,262.8,95.89,8,4796.65,55.55,19.73,29.6,54,6,4,4,0.71
7,6,1.01,0.5,16,44.8,7.93,8,3048.78,99.46,12.08,62.05,55,6,4,4,1
7,7,9.94,3.75,141,415,127.22,8,4642.57,107.03,13.63,30.43,31,10,3,2,0.47
7,8,4.28,1.7,143,210.2,161.47,8,4280.99,48.75,11.67,9.76,58,6,4,4,1
7,9,7.82,3,97,231.8,179.91,8,4521.46,97.9,15.49,21.42,60,10,6,6,1
7,10,8.6,2.7,179,331,168.65,8,6232.54,75.07,12.83,17.07,68,6,4,2,0.91
7,11,1.93,1.55,59,82.1,22.6,8,1508.84,71.31,14.61,90.23,37,6,7,5,0
7,12,1.43,0.25,27,23.1,5.69,8,16760.15,82.84,11.88,81.79,45,6,5,2,0.2
7,13,3.65,1.25,54,135.5,37.52,8,5416.3,84.55,12.67,41.23,53,10,7,4,1
7,14,5.06,1.4,63,101.8,89.18,8,7667.72,94.46,12.63,22.28,57,10,7,6,1
7,15,0.37,0.3,13,27.9,13.47,8,1488.9,91.03,16.71,13.63,56,6,5,5,1
7,16,1.79,0.6,19,22.1,8.21,8,5606.33,116.72,14.15,52.27,51,6,5,5,0.67
7,17,10.12,3.55,178,1005.6,216.01,8,5211.91,84.26,11.92,30.74,56,6,6,6,1
7,18,22.72,7,387,730.2,1083.38,8,6426.42,67.66,13.24,9.54,54,6,4,3,1
7,19,6.44,4,270,478,355.44,8,2176.49,57.82,12.27,17.83,31,10,5,3,0.25
7,20,11.22,3.5,200,445,477.6,8,6297.98,63.02,12.33,12.05,66,6,2,2,1
7,21,11.27,3.5,140,215.9,74.13,8,6343.71,105.69,12.56,50.57,59,6,4,3,0.71
7,22,3.91,1.38,108,170.1,16.96,8,5161.25,47.46,13.75,90.02,80,6,2,2,1
7,23,10.58,5.5,291,1030.9,343.4,8,2832.16,62.12,14.29,19.08,66,6,2,2,0.55
7,24,4.88,2.7,134,179.5,294.91,8,2580.37,54.37,13.54,8.96,55,6,6,3,0.52
7,25,10.44,4.5,176,335,166.08,8,3768.83,73.54,13.58,32.51,39,11,2,2,0.58
7,26,3.22,1.1,43,120.2,48.98,8,5437.96,83.29,16.63,25.85,38,6,4,2,1
7,27,3.31,1.3,67,197,19.64,8,4357.33,70.54,11.94,98.68,55,6,6,6,0.62
7,28,2.53,0.5,44,67.8,8.59,8,13543.88,78.02,10.87,82.93,54,6,5,5,0.62
7,29,3.63,1.5,68,143.9,94.46,8,4024.21,114.65,16.56,25.16,51,6,4,4,0.33
7,30,1.06,0.4,27,35.7,87.51,8,4640.72,73.74,12.07,11.27,47,6,2,2,1
7,31,1.06,0.75,26,48.1,11.29,8,1803.89,77.93,12.06,88.3,40,6,6,4,1
7,32,1.84,0.61,30,90.5,11.29,8,5706.75,76.95,12.82,79.55,42,10,5,2,0.51
7,33,1.33,0.6,23,57.6,10.75,8,3513.01,64.78,12.83,54.83,58,6,6,6,1
7,34,1.89,1,48,83.9,21.51,8,2758.22,58.45,14.01,66.22,60,6,3,1,0.5
7,35,8.91,2.4,146,224.9,382.83,8,8016.09,79.15,13.87,13.76,49,6,6,6,0.92
7,36,3.82,2.1,89,138.3,60.08,8,2605.11,71.36,15.36,42.76,43,6,5,5,0.19
7,37,2.21,1,43,44,11.29,8,3496.79,88.08,23.16,100.75,52,10,4,4,1
7,38,2.35,0.6,33,68.2,74.7,8,8764,77.95,13.5,12.14,38,10,4,2,1
7,39,1.1,0.4,27,46.1,5.67,8,4921.45,70.35,12.84,93.44,76,6,3,3,1
7,40,2.76,1.5,78,156.3,178.18,8,2649.93,47.13,13.34,15.88,56,6,3,3,0.86
7,41,2.76,1.3,50,36.5,16.94,8,3288.39,83.05,11.6,92.62,66,6,2,2,1
7,42,4.97,2.3,74,157.1,161.57,8,3378.28,86.13,20.76,14.32,51,10,10,7,0.72
7,43,3.7,1.75,35,107.1,26.36,8,3267.63,162.44,8.05,77.24,45,6,8,6,0.48
8,1,7.27,2.15,87,222.8,234.84,8,6871.24,100.2,11.04,13.24,44,10,6,3,1
8,2,14.2,3.75,133,170,303.87,8,8284.08,116.25,25.01,11.29,42,6,4,2,0.81
8,3,10.95,3.55,147,246.5,317.49,8,5916.29,97.35,13.24,14,55,10,6,6,0.7
8,4,3.91,1.4,54,104.7,219.39,8,5044.11,117.02,15.34,8.39,44,10,3,2,0.36
8,5,11.04,3.1,225,164.3,205.69,8,7482.81,57.92,14.5,17.32,55,6,4,4,0.71
8,6,1.84,0.5,39,59.8,71.88,8,7899.99,78,12.7,8.28,56,6,4,4,1
8,7,8.28,1.75,87,310,44.88,8,12067.44,90.3,11.94,36.98,32,10,4,2,0.47
8,8,6.62,1.7,100,205.5,103.06,8,8679.82,82.27,13.55,20.43,59,6,4,4,1
8,9,8.65,3,91,172,179.94,8,5307.69,114.81,17.36,21.97,61,10,6,6,1
8,10,12.56,2.7,209,320.5,182.8,8,11722.33,67.51,13.08,24.22,69,6,4,2,0.91
8,11,3.83,1.55,57,98.9,72.84,8,4157.33,109.4,11.52,23.53,38,6,7,5,0
8,12,1.7,0.25,20,30.6,21.64,8,22744.75,219.56,15.23,21.19,46,6,5,2,0.2
8,13,4.74,1.25,76,129.6,150.28,8,8303.51,71.91,12.79,9.39,54,10,7,5,1
8,14,4.88,1.4,70,121.6,154.5,8,7222.86,79.58,13.13,12.21,58,10,7,7,1
8,15,0.69,0.3,16,22.7,14.24,8,3718.68,104.13,16.73,18.47,57,6,5,5,1
8,16,1.98,0.6,27,23.1,8.47,8,6602.7,108.52,24.66,92.63,52,6,5,5,0.67
8,17,14.03,3.55,144,445,423.61,8,8897.11,94.14,15.32,12.16,57,6,6,6,1
8,18,31.1,7,407,624.9,951.47,8,10839.12,74.45,12.49,9.14,55,6,4,4,1
8,19,21.7,4,192,515.5,337.22,8,15281.23,106.58,12.34,19.2,32,10,5,3,0.25
8,20,14.81,3.5,212,391.7,340.6,8,9979.76,76.61,15.7,20.36,67,6,4,4,1
8,21,9.43,3.5,176,199.5,275.75,8,4764.1,94.46,14.1,12.06,60,6,4,3,0.71
8,22,4.6,1.38,64,192.5,47.48,8,6712.06,82.53,13.49,33.81,81,6,2,2,1
8,23,19.09,5.5,341,660,342.87,8,7172.45,69.8,13.18,18.65,67,6,2,2,0.55
8,24,5.15,2.7,181,269,196.02,8,2796.38,54.21,12.45,14.38,56,6,5,2,0.52
8,25,16.05,4.5,166,267.8,154.12,8,7501.47,118.82,15.24,34.84,40,11,2,2,0.58
8,26,4.28,1.1,42,139.7,105.47,8,8667.88,111.79,19.46,12.44,39,6,4,2,1
8,27,9.34,2.5,122,188.6,28.23,8,8100.55,83.37,15.8,97.76,56,6,5,5,0.8
8,28,2.76,0.5,41,70.2,8.47,8,15750.2,84.63,11.93,88.78,55,6,5,5,1
8,29,6.05,2,61,174,54.03,8,5733.03,100.65,13.1,36.65,52,6,4,4,0.25
8,30,0.09,0.25,8,13,28.48,8,313.87,70.57,14.6,16.54,48,14,4,4,1
8,31,3.62,0.75,22,48.1,10.43,8,12486.86,125.53,11.85,93.05,41,6,6,5,1
8,32,6.16,0.81,43,73.2,77.53,8,27787.78,141.14,13.09,13.07,43,10,5,2,0.74
8,33,2.8,0.6,36,47.7,24.45,8,11786.21,84.2,11.94,30.22,59,6,6,6,1
8,34,1.93,1,28,170.3,13.57,8,2846.24,94.03,13.58,73.7,61,6,3,1,0.5
8,35,10.72,2.4,136,216.3,366.79,8,10938.05,83.88,16.12,8.93,50,6,6,6,0.92
8,36,7.64,2.1,86,204.4,47.98,8,7751.49,87.13,13.09,83.2,44,6,5,5,0.19
8,37,3.22,1,54,67.5,16.94,8,6343.71,90.8,13.81,88.82,53,10,4,4,1
8,38,3.68,0.6,26,73.4,74.7,8,18944.74,124.59,12.46,11.51,39,10,4,2,1
8,39,1.52,0.8,26,24.4,11.29,8,2780.11,100.84,15.56,93.69,77,6,4,3,1
8,40,5.5,1.75,62,180.9,171.68,8,6098.63,99.18,14.34,10.62,57,6,10,5,0.86
8,41,5.29,1.3,51,54.2,83.16,8,9343.77,109.48,22.3,17.16,67,6,2,2,1
8,42,7.68,2.3,82,205,210.93,8,6731.16,104.89,11.45,12.81,52,10,10,7,0.72
8,43,7.73,2,81,118.4,28.86,8,8571.71,88.91,17.64,85.6,46,6,8,6,0.6
